/*
Navicat MySQL Data Transfer

Source Server         : mysql
Source Server Version : 50712
Source Host           : localhost:3306
Source Database       : enenjoy

Target Server Type    : MYSQL
Target Server Version : 50712
File Encoding         : 65001

Date: 2019-02-17 18:10:51
*/

SET FOREIGN_KEY_CHECKS=0;

-- ----------------------------
-- Table structure for `catelog`
-- ----------------------------
DROP TABLE IF EXISTS `catelog`;
CREATE TABLE `catelog` (
  `id` int(11) NOT NULL AUTO_INCREMENT COMMENT '主键',
  `name` varchar(30) DEFAULT NULL COMMENT '分类名',
  `number` int(11) DEFAULT '0' COMMENT '该分类下的商品数量',
  `status` tinyint(10) DEFAULT '0' COMMENT '分类状态，0正常，1暂用',
  PRIMARY KEY (`id`)
) ENGINE=InnoDB AUTO_INCREMENT=17 DEFAULT CHARSET=utf8;

-- ----------------------------
-- Records of catelog
-- ----------------------------
INSERT INTO `catelog` VALUES ('1', '微信公众号', '16', '1');
INSERT INTO `catelog` VALUES ('2', '头条号', '6', '1');
INSERT INTO `catelog` VALUES ('3', '企鹅号', '6', '1');
INSERT INTO `catelog` VALUES ('4', '百家号', '9', '1');
INSERT INTO `catelog` VALUES ('5', '网易号', '6', '1');
INSERT INTO `catelog` VALUES ('6', '搜狐号', '2', '1');
INSERT INTO `catelog` VALUES ('7', 'UC大鱼号', '2', '1');
INSERT INTO `catelog` VALUES ('8', '一点号', '0', '0');
INSERT INTO `catelog` VALUES ('9', '趣头条', '0', '0');
INSERT INTO `catelog` VALUES ('10', '抖音小视频', '0', '0');
INSERT INTO `catelog` VALUES ('11', '快手小视频', '0', '0');
INSERT INTO `catelog` VALUES ('12', '火山小视频', '0', '0');
INSERT INTO `catelog` VALUES ('13', '腾讯微视', '0', '0');
INSERT INTO `catelog` VALUES ('14', '西瓜视频', '0', '0');
INSERT INTO `catelog` VALUES ('15', '小咖秀', '0', '0');
INSERT INTO `catelog` VALUES ('16', '最近发布广告信息', '0', '0');

-- ----------------------------
-- Table structure for `comments`
-- ----------------------------
DROP TABLE IF EXISTS `comments`;
CREATE TABLE `comments` (
  `id` int(11) NOT NULL COMMENT '评论主键',
  `user_id` int(11) DEFAULT NULL COMMENT '用户，外键',
  `goods_id` int(11) DEFAULT NULL COMMENT '商品，外键',
  `content` text COMMENT '评论内容',
  `create_at` varchar(25) DEFAULT NULL COMMENT '评论时间',
  PRIMARY KEY (`id`)
) ENGINE=InnoDB DEFAULT CHARSET=utf8 ROW_FORMAT=DYNAMIC;

-- ----------------------------
-- Records of comments
-- ----------------------------

-- ----------------------------
-- Table structure for `goods`
-- ----------------------------
DROP TABLE IF EXISTS `goods`;
CREATE TABLE `goods` (
  `id` int(11) NOT NULL AUTO_INCREMENT COMMENT '商品主键',
  `catelog_id` int(11) DEFAULT NULL COMMENT '商品分类，外键',
  `user_id` int(11) DEFAULT NULL COMMENT '用户外键',
  `name` varchar(50) DEFAULT NULL COMMENT '商品名称',
  `price` varchar(11) DEFAULT NULL COMMENT '出售价格',
  `real_price` varchar(11) DEFAULT NULL COMMENT '真实价格',
  `start_time` varchar(25) DEFAULT NULL COMMENT '发布时间',
  `polish_time` varchar(30) DEFAULT NULL COMMENT '擦亮时间，按该时间进行查询，精确到时分秒',
  `end_time` varchar(25) DEFAULT NULL COMMENT '下架时间',
  `describle` text COMMENT '详细信息',
  `commet_num` int(11) DEFAULT NULL COMMENT '评论回复数量',
  `zhanghaoId` varchar(20) DEFAULT NULL,
  `weChat` varchar(20) DEFAULT NULL,
  `fans` varchar(10) DEFAULT NULL,
  `TEL` varchar(15) DEFAULT NULL,
  `weiZhi` varchar(20) DEFAULT NULL,
  PRIMARY KEY (`id`),
  KEY `catelog_id` (`catelog_id`),
  KEY `user_id` (`user_id`)
) ENGINE=InnoDB AUTO_INCREMENT=186 DEFAULT CHARSET=utf8;

-- ----------------------------
-- Records of goods
-- ----------------------------
INSERT INTO `goods` VALUES ('59', '1', '6', '天涯明夜', '100元', '', '2019-02-17', '2019-02-17', '2019-02-27', '信手，写下几行诗句，最押韵的，竟然是我的叹息。', null, '123456789', '123456789', '1万', '13639485561', '四平市');
INSERT INTO `goods` VALUES ('60', '1', '6', '千百度', '12元', '', '2019-02-17', '2019-02-17', '2019-02-27', '在北京市，欢迎。', null, '12321234', '12312421', '1万', '151548551', '北京市');
INSERT INTO `goods` VALUES ('61', '1', '6', '天涯明夜', '100元', '', '2019-02-17', '2019-02-17', '2019-02-27', '我做我的改变，又何必纠结。', null, '123456789', '123456789', '1万', '13639485561', '四平市');
INSERT INTO `goods` VALUES ('62', '1', '6', '千百度', '12元', '', '2019-02-17', '2019-02-17', '2019-02-27', '如果再看你一眼，是否还会有感觉。', null, '12321234', '12312421', '1万', '151548551', '北京市');
INSERT INTO `goods` VALUES ('63', '1', '6', '天涯明夜', '100元', '', '2019-02-17', '2019-02-17', '2019-02-27', '最真实的喜怒哀乐全都埋葬在昨天，不掺任何的表演，轰轰烈烈那几年。', null, '123456789', '123456789', '1万', '13639485561', '四平市');
INSERT INTO `goods` VALUES ('64', '1', '6', '千百度', '12元', '', '2019-02-17', '2019-02-17', '2019-02-27', '在北京市，欢迎。', null, '12321234', '12312421', '1万', '151548551', '北京市');
INSERT INTO `goods` VALUES ('65', '1', '6', '天涯明夜', '100元', '', '2019-02-17', '2019-02-17', '2019-02-27', '曾经的海枯又石烂，抵不过你最后一句好聚好散。', null, '123456789', '123456789', '1万', '13639485561', '四平市');
INSERT INTO `goods` VALUES ('66', '1', '6', '千百度', '12元', '', '2019-02-17', '2019-02-17', '2019-02-27', '万家灯火带领星光拼出个晚上，绚烂的欲望涌进了街巷每个虚弱地方。', null, '12321234', '12312421', '1万', '151548551', '北京市');
INSERT INTO `goods` VALUES ('67', '1', '6', '天涯明夜', '100元', '', '2019-02-17', '2019-02-17', '2019-02-27', '就像一部电影原谅惨败的票房，我走在街上闷着头游荡把心事流放。', null, '123456789', '123456789', '1万', '13639485561', '四平市');
INSERT INTO `goods` VALUES ('68', '1', '6', '千百度', '12元', '', '2019-02-17', '2019-02-17', '2019-02-27', '在北京市，欢迎。', null, '12321234', '12312421', '1万', '151548551', '北京市');
INSERT INTO `goods` VALUES ('69', '1', '6', '天涯明夜', '100元', '', '2019-02-17', '2019-02-17', '2019-02-27', '那不是歌，那是我写的歌，当时的我喜或悲已经记不得，南辕北辙，破坏热闹气氛的歌，被人慌慌张张按掉了。', null, '123456789', '123456789', '1万', '13639485561', '四平市');
INSERT INTO `goods` VALUES ('70', '1', '6', '千百度', '12元', '', '2019-02-17', '2019-02-17', '2019-02-27', '在北京市，欢迎。', null, '12321234', '12312421', '1万', '151548551', '北京市');
INSERT INTO `goods` VALUES ('71', '1', '6', '天涯明夜', '100元', '', '2019-02-17', '2019-02-17', '2019-02-27', '我没有思想准备，看到你身旁还有一位，不知道他是谁。', null, '123456789', '123456789', '1万', '13639485561', '四平市');
INSERT INTO `goods` VALUES ('72', '1', '6', '千百度', '12元', '', '2019-02-17', '2019-02-17', '2019-02-27', '寻不到花的折翼枯叶蝶，永远也看不见凋谢。', null, '12321234', '12312421', '1万', '151548551', '北京市');
INSERT INTO `goods` VALUES ('73', '1', '6', '天涯明夜', '100元', '', '2019-02-17', '2019-02-17', '2019-02-27', '独留我赏烟花飞满天，摇曳后就随风飘远。', null, '123456789', '123456789', '1万', '13639485561', '四平市');
INSERT INTO `goods` VALUES ('74', '1', '6', '千百度', '12元', '', '2019-02-17', '2019-02-17', '2019-02-27', '在北京市，欢迎。', null, '12321234', '12312421', '1万', '151548551', '北京市');
INSERT INTO `goods` VALUES ('75', '1', '6', '天涯明夜', '100元', '', '2019-02-17', '2019-02-17', '2019-02-27', '信手，写下几行诗句，最押韵的，竟然是我的叹息。', null, '123456789', '123456789', '1万', '13639485561', '四平市');
INSERT INTO `goods` VALUES ('76', '2', '6', '千百度', '12元', '', '2019-02-17', '2019-02-17', '2019-02-27', '在北京市，欢迎。', null, '12321234', '12312421', '1万', '151548551', '北京市');
INSERT INTO `goods` VALUES ('77', '2', '6', '天涯明夜', '100元', '', '2019-02-17', '2019-02-17', '2019-02-27', '信手，写下几行诗句，最押韵的，竟然是我的叹息。', null, '123456789', '123456789', '1万', '13639485561', '四平市');
INSERT INTO `goods` VALUES ('78', '2', '6', '千百度', '12元', '', '2019-02-17', '2019-02-17', '2019-02-27', '在北京市，欢迎。', null, '12321234', '12312421', '1万', '151548551', '北京市');
INSERT INTO `goods` VALUES ('79', '2', '6', '天涯明夜', '100元', '', '2019-02-17', '2019-02-17', '2019-02-27', '信手，写下几行诗句，最押韵的，竟然是我的叹息。', null, '123456789', '123456789', '1万', '13639485561', '四平市');
INSERT INTO `goods` VALUES ('80', '2', '6', '千百度', '12元', '', '2019-02-17', '2019-02-17', '2019-02-27', '在北京市，欢迎。', null, '12321234', '12312421', '1万', '151548551', '北京市');
INSERT INTO `goods` VALUES ('81', '2', '6', '天涯明夜', '100元', '', '2019-02-17', '2019-02-17', '2019-02-27', '窗透初晓，日照西桥，云自摇，想你当年荷风微摆的衣角。', null, '123456789', '123456789', '1万', '13639485561', '四平市');
INSERT INTO `goods` VALUES ('82', '2', '6', '千百度', '12元', '', '2019-02-17', '2019-02-17', '2019-02-27', '在北京市，欢迎。', null, '12321234', '12312421', '1万', '151548551', '北京市');
INSERT INTO `goods` VALUES ('83', '3', '6', '天涯明夜', '100元', '', '2019-02-17', '2019-02-17', '2019-02-27', '信手，写下几行诗句，最押韵的，竟然是我的叹息。', null, '123456789', '123456789', '1万', '13639485561', '四平市');
INSERT INTO `goods` VALUES ('84', '3', '6', '千百度', '12元', '', '2019-02-17', '2019-02-17', '2019-02-27', '在北京市，欢迎。', null, '12321234', '12312421', '1万', '151548551', '北京市');
INSERT INTO `goods` VALUES ('85', '3', '6', '天涯明夜', '100元', '', '2019-02-17', '2019-02-17', '2019-02-27', '我做我的改变，又何必纠结。', null, '123456789', '123456789', '1万', '13639485561', '四平市');
INSERT INTO `goods` VALUES ('86', '3', '6', '千百度', '12元', '', '2019-02-17', '2019-02-17', '2019-02-27', '如果再看你一眼，是否还会有感觉。', null, '12321234', '12312421', '1万', '151548551', '北京市');
INSERT INTO `goods` VALUES ('87', '3', '6', '天涯明夜', '100元', '', '2019-02-17', '2019-02-17', '2019-02-27', '最真实的喜怒哀乐全都埋葬在昨天，不掺任何的表演，轰轰烈烈那几年。', null, '123456789', '123456789', '1万', '13639485561', '四平市');
INSERT INTO `goods` VALUES ('88', '3', '6', '千百度', '12元', '', '2019-02-17', '2019-02-17', '2019-02-27', '在北京市，欢迎。', null, '12321234', '12312421', '1万', '151548551', '北京市');
INSERT INTO `goods` VALUES ('89', '3', '6', '天涯明夜', '100元', '', '2019-02-17', '2019-02-17', '2019-02-27', '曾经的海枯又石烂，抵不过你最后一句好聚好散。', null, '123456789', '123456789', '1万', '13639485561', '四平市');
INSERT INTO `goods` VALUES ('90', '4', '6', '千百度', '12元', '', '2019-02-17', '2019-02-17', '2019-02-27', '万家灯火带领星光拼出个晚上，绚烂的欲望涌进了街巷每个虚弱地方。', null, '12321234', '12312421', '1万', '151548551', '北京市');
INSERT INTO `goods` VALUES ('91', '4', '6', '天涯明夜', '100元', '', '2019-02-17', '2019-02-17', '2019-02-27', '就像一部电影原谅惨败的票房，我走在街上闷着头游荡把心事流放。', null, '123456789', '123456789', '1万', '13639485561', '四平市');
INSERT INTO `goods` VALUES ('92', '4', '6', '千百度', '12元', '', '2019-02-17', '2019-02-17', '2019-02-27', '在北京市，欢迎。', null, '12321234', '12312421', '1万', '151548551', '北京市');
INSERT INTO `goods` VALUES ('93', '4', '6', '天涯明夜', '100元', '', '2019-02-17', '2019-02-17', '2019-02-27', '那不是歌，那是我写的歌，当时的我喜或悲已经记不得，南辕北辙，破坏热闹气氛的歌，被人慌慌张张按掉了。', null, '123456789', '123456789', '1万', '13639485561', '四平市');
INSERT INTO `goods` VALUES ('94', '4', '6', '千百度', '12元', '', '2019-02-17', '2019-02-17', '2019-02-27', '在北京市，欢迎。', null, '12321234', '12312421', '1万', '151548551', '北京市');
INSERT INTO `goods` VALUES ('95', '4', '6', '天涯明夜', '100元', '', '2019-02-17', '2019-02-17', '2019-02-27', '我没有思想准备，看到你身旁还有一位，不知道他是谁。', null, '123456789', '123456789', '1万', '13639485561', '四平市');
INSERT INTO `goods` VALUES ('96', '4', '6', '千百度', '12元', '', '2019-02-17', '2019-02-17', '2019-02-27', '寻不到花的折翼枯叶蝶，永远也看不见凋谢。', null, '12321234', '12312421', '1万', '151548551', '北京市');
INSERT INTO `goods` VALUES ('97', '4', '6', '天涯明夜', '100元', '', '2019-02-17', '2019-02-17', '2019-02-27', '独留我赏烟花飞满天，摇曳后就随风飘远。', null, '123456789', '123456789', '1万', '13639485561', '四平市');
INSERT INTO `goods` VALUES ('98', '5', '6', '千百度', '12元', '', '2019-02-17', '2019-02-17', '2019-02-27', '在北京市，欢迎。', null, '12321234', '12312421', '1万', '151548551', '北京市');
INSERT INTO `goods` VALUES ('99', '5', '6', '天涯明夜', '100元', '', '2019-02-17', '2019-02-17', '2019-02-27', '信手，写下几行诗句，最押韵的，竟然是我的叹息。', null, '123456789', '123456789', '1万', '13639485561', '四平市');
INSERT INTO `goods` VALUES ('100', '5', '6', '千百度', '12元', '', '2019-02-17', '2019-02-17', '2019-02-27', '在北京市，欢迎。', null, '12321234', '12312421', '1万', '151548551', '北京市');
INSERT INTO `goods` VALUES ('101', '5', '6', '天涯明夜', '100元', '', '2019-02-17', '2019-02-17', '2019-02-27', '信手，写下几行诗句，最押韵的，竟然是我的叹息。', null, '123456789', '123456789', '1万', '13639485561', '四平市');
INSERT INTO `goods` VALUES ('102', '5', '6', '千百度', '12元', '', '2019-02-17', '2019-02-17', '2019-02-27', '在北京市，欢迎。', null, '12321234', '12312421', '1万', '151548551', '北京市');
INSERT INTO `goods` VALUES ('103', '5', '6', '天涯明夜', '100元', '', '2019-02-17', '2019-02-17', '2019-02-27', '信手，写下几行诗句，最押韵的，竟然是我的叹息。', null, '123456789', '123456789', '1万', '13639485561', '四平市');
INSERT INTO `goods` VALUES ('104', '5', '6', '千百度', '12元', '', '2019-02-17', '2019-02-17', '2019-02-27', '在北京市，欢迎。', null, '12321234', '12312421', '1万', '151548551', '北京市');
INSERT INTO `goods` VALUES ('105', '5', '6', '天涯明夜', '100元', '', '2019-02-17', '2019-02-17', '2019-02-27', '窗透初晓，日照西桥，云自摇，想你当年荷风微摆的衣角。', null, '123456789', '123456789', '1万', '13639485561', '四平市');
INSERT INTO `goods` VALUES ('106', '5', '6', '千百度', '12元', '', '2019-02-17', '2019-02-17', '2019-02-27', '在北京市，欢迎。', null, '12321234', '12312421', '1万', '151548551', '北京市');
INSERT INTO `goods` VALUES ('107', '5', '6', '千百度', '12元', '', '2019-02-17', '2019-02-17', '2019-02-27', '在北京市，欢迎。', null, '12321234', '12312421', '1万', '151548551', '北京市');
INSERT INTO `goods` VALUES ('108', '5', '6', '天涯明夜', '100元', '', '2019-02-17', '2019-02-17', '2019-02-27', '信手，写下几行诗句，最押韵的，竟然是我的叹息。', null, '123456789', '123456789', '1万', '13639485561', '四平市');
INSERT INTO `goods` VALUES ('109', '5', '6', '千百度', '12元', '', '2019-02-17', '2019-02-17', '2019-02-27', '在北京市，欢迎。', null, '12321234', '12312421', '1万', '151548551', '北京市');
INSERT INTO `goods` VALUES ('110', '6', '6', '天涯明夜', '100元', '', '2019-02-17', '2019-02-17', '2019-02-27', '信手，写下几行诗句，最押韵的，竟然是我的叹息。', null, '123456789', '123456789', '1万', '13639485561', '四平市');
INSERT INTO `goods` VALUES ('111', '6', '6', '千百度', '12元', '', '2019-02-17', '2019-02-17', '2019-02-27', '在北京市，欢迎。', null, '12321234', '12312421', '1万', '151548551', '北京市');
INSERT INTO `goods` VALUES ('112', '6', '6', '天涯明夜', '100元', '', '2019-02-17', '2019-02-17', '2019-02-27', '窗透初晓，日照西桥，云自摇，想你当年荷风微摆的衣角。', null, '123456789', '123456789', '1万', '13639485561', '四平市');
INSERT INTO `goods` VALUES ('113', '6', '6', '千百度', '12元', '', '2019-02-17', '2019-02-17', '2019-02-27', '在北京市，欢迎。', null, '12321234', '12312421', '1万', '151548551', '北京市');
INSERT INTO `goods` VALUES ('114', '6', '6', '千百度', '12元', '', '2019-02-17', '2019-02-17', '2019-02-27', '在北京市，欢迎。', null, '12321234', '12312421', '1万', '151548551', '北京市');
INSERT INTO `goods` VALUES ('115', '6', '6', '天涯明夜', '100元', '', '2019-02-17', '2019-02-17', '2019-02-27', '信手，写下几行诗句，最押韵的，竟然是我的叹息。', null, '123456789', '123456789', '1万', '13639485561', '四平市');
INSERT INTO `goods` VALUES ('116', '6', '6', '千百度', '12元', '', '2019-02-17', '2019-02-17', '2019-02-27', '在北京市，欢迎。', null, '12321234', '12312421', '1万', '151548551', '北京市');
INSERT INTO `goods` VALUES ('117', '7', '6', '天涯明夜', '100元', '', '2019-02-17', '2019-02-17', '2019-02-27', '信手，写下几行诗句，最押韵的，竟然是我的叹息。', null, '123456789', '123456789', '1万', '13639485561', '四平市');
INSERT INTO `goods` VALUES ('118', '7', '6', '千百度', '12元', '', '2019-02-17', '2019-02-17', '2019-02-27', '在北京市，欢迎。', null, '12321234', '12312421', '1万', '151548551', '北京市');
INSERT INTO `goods` VALUES ('119', '7', '6', '天涯明夜', '100元', '', '2019-02-17', '2019-02-17', '2019-02-27', '窗透初晓，日照西桥，云自摇，想你当年荷风微摆的衣角。', null, '123456789', '123456789', '1万', '13639485561', '四平市');
INSERT INTO `goods` VALUES ('120', '8', '6', '千百度', '12元', '', '2019-02-17', '2019-02-17', '2019-02-27', '在北京市，欢迎。', null, '12321234', '12312421', '1万', '151548551', '北京市');
INSERT INTO `goods` VALUES ('121', '8', '6', '千百度', '12元', '', '2019-02-17', '2019-02-17', '2019-02-27', '在北京市，欢迎。', null, '12321234', '12312421', '1万', '151548551', '北京市');
INSERT INTO `goods` VALUES ('122', '8', '6', '天涯明夜', '100元', '', '2019-02-17', '2019-02-17', '2019-02-27', '信手，写下几行诗句，最押韵的，竟然是我的叹息。', null, '123456789', '123456789', '1万', '13639485561', '四平市');
INSERT INTO `goods` VALUES ('123', '8', '6', '千百度', '12元', '', '2019-02-17', '2019-02-17', '2019-02-27', '在北京市，欢迎。', null, '12321234', '12312421', '1万', '151548551', '北京市');
INSERT INTO `goods` VALUES ('124', '8', '6', '天涯明夜', '100元', '', '2019-02-17', '2019-02-17', '2019-02-27', '信手，写下几行诗句，最押韵的，竟然是我的叹息。', null, '123456789', '123456789', '1万', '13639485561', '四平市');
INSERT INTO `goods` VALUES ('125', '8', '6', '千百度', '12元', '', '2019-02-17', '2019-02-17', '2019-02-27', '在北京市，欢迎。', null, '12321234', '12312421', '1万', '151548551', '北京市');
INSERT INTO `goods` VALUES ('126', '8', '6', '天涯明夜', '100元', '', '2019-02-17', '2019-02-17', '2019-02-27', '窗透初晓，日照西桥，云自摇，想你当年荷风微摆的衣角。', null, '123456789', '123456789', '1万', '13639485561', '四平市');
INSERT INTO `goods` VALUES ('127', '8', '6', '千百度', '12元', '', '2019-02-17', '2019-02-17', '2019-02-27', '在北京市，欢迎。', null, '12321234', '12312421', '1万', '151548551', '北京市');
INSERT INTO `goods` VALUES ('128', '8', '6', '千百度', '12元', '', '2019-02-17', '2019-02-17', '2019-02-27', '在北京市，欢迎。', null, '12321234', '12312421', '1万', '151548551', '北京市');
INSERT INTO `goods` VALUES ('129', '9', '6', '天涯明夜', '100元', '', '2019-02-17', '2019-02-17', '2019-02-27', '信手，写下几行诗句，最押韵的，竟然是我的叹息。', null, '123456789', '123456789', '1万', '13639485561', '四平市');
INSERT INTO `goods` VALUES ('130', '9', '6', '千百度', '12元', '', '2019-02-17', '2019-02-17', '2019-02-27', '在北京市，欢迎。', null, '12321234', '12312421', '1万', '151548551', '北京市');
INSERT INTO `goods` VALUES ('131', '9', '6', '天涯明夜', '100元', '', '2019-02-17', '2019-02-17', '2019-02-27', '信手，写下几行诗句，最押韵的，竟然是我的叹息。', null, '123456789', '123456789', '1万', '13639485561', '四平市');
INSERT INTO `goods` VALUES ('132', '9', '6', '千百度', '12元', '', '2019-02-17', '2019-02-17', '2019-02-27', '在北京市，欢迎。', null, '12321234', '12312421', '1万', '151548551', '北京市');
INSERT INTO `goods` VALUES ('133', '9', '6', '天涯明夜', '100元', '', '2019-02-17', '2019-02-17', '2019-02-27', '窗透初晓，日照西桥，云自摇，想你当年荷风微摆的衣角。', null, '123456789', '123456789', '1万', '13639485561', '四平市');
INSERT INTO `goods` VALUES ('134', '9', '6', '千百度', '12元', '', '2019-02-17', '2019-02-17', '2019-02-27', '在北京市，欢迎。', null, '12321234', '12312421', '1万', '151548551', '北京市');
INSERT INTO `goods` VALUES ('135', '9', '6', '千百度', '12元', '', '2019-02-17', '2019-02-17', '2019-02-27', '在北京市，欢迎。', null, '12321234', '12312421', '1万', '151548551', '北京市');
INSERT INTO `goods` VALUES ('136', '10', '6', '天涯明夜', '100元', '', '2019-02-17', '2019-02-17', '2019-02-27', '信手，写下几行诗句，最押韵的，竟然是我的叹息。', null, '123456789', '123456789', '1万', '13639485561', '四平市');
INSERT INTO `goods` VALUES ('137', '10', '6', '千百度', '12元', '', '2019-02-17', '2019-02-17', '2019-02-27', '在北京市，欢迎。', null, '12321234', '12312421', '1万', '151548551', '北京市');
INSERT INTO `goods` VALUES ('138', '10', '6', '天涯明夜', '100元', '', '2019-02-17', '2019-02-17', '2019-02-27', '信手，写下几行诗句，最押韵的，竟然是我的叹息。', null, '123456789', '123456789', '1万', '13639485561', '四平市');
INSERT INTO `goods` VALUES ('139', '10', '6', '千百度', '12元', '', '2019-02-17', '2019-02-17', '2019-02-27', '在北京市，欢迎。', null, '12321234', '12312421', '1万', '151548551', '北京市');
INSERT INTO `goods` VALUES ('140', '10', '6', '天涯明夜', '100元', '', '2019-02-17', '2019-02-17', '2019-02-27', '窗透初晓，日照西桥，云自摇，想你当年荷风微摆的衣角。', null, '123456789', '123456789', '1万', '13639485561', '四平市');
INSERT INTO `goods` VALUES ('141', '10', '6', '千百度', '12元', '', '2019-02-17', '2019-02-17', '2019-02-27', '在北京市，欢迎。', null, '12321234', '12312421', '1万', '151548551', '北京市');
INSERT INTO `goods` VALUES ('142', '10', '6', '千百度', '12元', '', '2019-02-17', '2019-02-17', '2019-02-27', '在北京市，欢迎。', null, '12321234', '12312421', '1万', '151548551', '北京市');
INSERT INTO `goods` VALUES ('143', '10', '6', '天涯明夜', '100元', '', '2019-02-17', '2019-02-17', '2019-02-27', '信手，写下几行诗句，最押韵的，竟然是我的叹息。', null, '123456789', '123456789', '1万', '13639485561', '四平市');
INSERT INTO `goods` VALUES ('144', '10', '6', '千百度', '12元', '', '2019-02-17', '2019-02-17', '2019-02-27', '在北京市，欢迎。', null, '12321234', '12312421', '1万', '151548551', '北京市');
INSERT INTO `goods` VALUES ('145', '11', '6', '天涯明夜', '100元', '', '2019-02-17', '2019-02-17', '2019-02-27', '信手，写下几行诗句，最押韵的，竟然是我的叹息。', null, '123456789', '123456789', '1万', '13639485561', '四平市');
INSERT INTO `goods` VALUES ('146', '11', '6', '千百度', '12元', '', '2019-02-17', '2019-02-17', '2019-02-27', '在北京市，欢迎。', null, '12321234', '12312421', '1万', '151548551', '北京市');
INSERT INTO `goods` VALUES ('147', '11', '6', '天涯明夜', '100元', '', '2019-02-17', '2019-02-17', '2019-02-27', '窗透初晓，日照西桥，云自摇，想你当年荷风微摆的衣角。', null, '123456789', '123456789', '1万', '13639485561', '四平市');
INSERT INTO `goods` VALUES ('148', '11', '6', '千百度', '12元', '', '2019-02-17', '2019-02-17', '2019-02-27', '在北京市，欢迎。', null, '12321234', '12312421', '1万', '151548551', '北京市');
INSERT INTO `goods` VALUES ('149', '12', '6', '千百度', '12元', '', '2019-02-17', '2019-02-17', '2019-02-27', '在北京市，欢迎。', null, '12321234', '12312421', '1万', '151548551', '北京市');
INSERT INTO `goods` VALUES ('150', '12', '6', '天涯明夜', '100元', '', '2019-02-17', '2019-02-17', '2019-02-27', '信手，写下几行诗句，最押韵的，竟然是我的叹息。', null, '123456789', '123456789', '1万', '13639485561', '四平市');
INSERT INTO `goods` VALUES ('151', '12', '6', '千百度', '12元', '', '2019-02-17', '2019-02-17', '2019-02-27', '在北京市，欢迎。', null, '12321234', '12312421', '1万', '151548551', '北京市');
INSERT INTO `goods` VALUES ('152', '12', '6', '天涯明夜', '100元', '', '2019-02-17', '2019-02-17', '2019-02-27', '信手，写下几行诗句，最押韵的，竟然是我的叹息。', null, '123456789', '123456789', '1万', '13639485561', '四平市');
INSERT INTO `goods` VALUES ('153', '12', '6', '千百度', '12元', '', '2019-02-17', '2019-02-17', '2019-02-27', '在北京市，欢迎。', null, '12321234', '12312421', '1万', '151548551', '北京市');
INSERT INTO `goods` VALUES ('154', '12', '6', '天涯明夜', '100元', '', '2019-02-17', '2019-02-17', '2019-02-27', '窗透初晓，日照西桥，云自摇，想你当年荷风微摆的衣角。', null, '123456789', '123456789', '1万', '13639485561', '四平市');
INSERT INTO `goods` VALUES ('155', '12', '6', '千百度', '12元', '', '2019-02-17', '2019-02-17', '2019-02-27', '在北京市，欢迎。', null, '12321234', '12312421', '1万', '151548551', '北京市');
INSERT INTO `goods` VALUES ('156', '12', '6', '千百度', '12元', '', '2019-02-17', '2019-02-17', '2019-02-27', '在北京市，欢迎。', null, '12321234', '12312421', '1万', '151548551', '北京市');
INSERT INTO `goods` VALUES ('157', '12', '6', '天涯明夜', '100元', '', '2019-02-17', '2019-02-17', '2019-02-27', '信手，写下几行诗句，最押韵的，竟然是我的叹息。', null, '123456789', '123456789', '1万', '13639485561', '四平市');
INSERT INTO `goods` VALUES ('158', '12', '6', '千百度', '12元', '', '2019-02-17', '2019-02-17', '2019-02-27', '在北京市，欢迎。', null, '12321234', '12312421', '1万', '151548551', '北京市');
INSERT INTO `goods` VALUES ('159', '12', '6', '天涯明夜', '100元', '', '2019-02-17', '2019-02-17', '2019-02-27', '信手，写下几行诗句，最押韵的，竟然是我的叹息。', null, '123456789', '123456789', '1万', '13639485561', '四平市');
INSERT INTO `goods` VALUES ('160', '12', '6', '千百度', '12元', '', '2019-02-17', '2019-02-17', '2019-02-27', '在北京市，欢迎。', null, '12321234', '12312421', '1万', '151548551', '北京市');
INSERT INTO `goods` VALUES ('161', '13', '6', '天涯明夜', '100元', '', '2019-02-17', '2019-02-17', '2019-02-27', '窗透初晓，日照西桥，云自摇，想你当年荷风微摆的衣角。', null, '123456789', '123456789', '1万', '13639485561', '四平市');
INSERT INTO `goods` VALUES ('162', '13', '6', '千百度', '12元', '', '2019-02-17', '2019-02-17', '2019-02-27', '在北京市，欢迎。', null, '12321234', '12312421', '1万', '151548551', '北京市');
INSERT INTO `goods` VALUES ('163', '13', '6', '千百度', '12元', '', '2019-02-17', '2019-02-17', '2019-02-27', '在北京市，欢迎。', null, '12321234', '12312421', '1万', '151548551', '北京市');
INSERT INTO `goods` VALUES ('164', '13', '6', '天涯明夜', '100元', '', '2019-02-17', '2019-02-17', '2019-02-27', '信手，写下几行诗句，最押韵的，竟然是我的叹息。', null, '123456789', '123456789', '1万', '13639485561', '四平市');
INSERT INTO `goods` VALUES ('165', '14', '6', '千百度', '12元', '', '2019-02-17', '2019-02-17', '2019-02-27', '在北京市，欢迎。', null, '12321234', '12312421', '1万', '151548551', '北京市');
INSERT INTO `goods` VALUES ('166', '14', '6', '天涯明夜', '100元', '', '2019-02-17', '2019-02-17', '2019-02-27', '信手，写下几行诗句，最押韵的，竟然是我的叹息。', null, '123456789', '123456789', '1万', '13639485561', '四平市');
INSERT INTO `goods` VALUES ('167', '14', '6', '千百度', '12元', '', '2019-02-17', '2019-02-17', '2019-02-27', '在北京市，欢迎。', null, '12321234', '12312421', '1万', '151548551', '北京市');
INSERT INTO `goods` VALUES ('168', '14', '6', '天涯明夜', '100元', '', '2019-02-17', '2019-02-17', '2019-02-27', '窗透初晓，日照西桥，云自摇，想你当年荷风微摆的衣角。', null, '123456789', '123456789', '1万', '13639485561', '四平市');
INSERT INTO `goods` VALUES ('169', '14', '6', '千百度', '12元', '', '2019-02-17', '2019-02-17', '2019-02-27', '在北京市，欢迎。', null, '12321234', '12312421', '1万', '151548551', '北京市');
INSERT INTO `goods` VALUES ('170', '14', '6', '千百度', '12元', '', '2019-02-17', '2019-02-17', '2019-02-27', '在北京市，欢迎。', null, '12321234', '12312421', '1万', '151548551', '北京市');
INSERT INTO `goods` VALUES ('171', '14', '6', '天涯明夜', '100元', '', '2019-02-17', '2019-02-17', '2019-02-27', '信手，写下几行诗句，最押韵的，竟然是我的叹息。', null, '123456789', '123456789', '1万', '13639485561', '四平市');
INSERT INTO `goods` VALUES ('172', '13', '6', '千百度', '12元', '', '2019-02-17', '2019-02-17', '2019-02-27', '在北京市，欢迎。', null, '12321234', '12312421', '1万', '151548551', '北京市');
INSERT INTO `goods` VALUES ('173', '13', '6', '天涯明夜', '100元', '', '2019-02-17', '2019-02-17', '2019-02-27', '信手，写下几行诗句，最押韵的，竟然是我的叹息。', null, '123456789', '123456789', '1万', '13639485561', '四平市');
INSERT INTO `goods` VALUES ('174', '13', '6', '千百度', '12元', '', '2019-02-17', '2019-02-17', '2019-02-27', '在北京市，欢迎。', null, '12321234', '12312421', '1万', '151548551', '北京市');
INSERT INTO `goods` VALUES ('175', '13', '6', '天涯明夜', '100元', '', '2019-02-17', '2019-02-17', '2019-02-27', '窗透初晓，日照西桥，云自摇，想你当年荷风微摆的衣角。', null, '123456789', '123456789', '1万', '13639485561', '四平市');
INSERT INTO `goods` VALUES ('176', '13', '6', '千百度', '12元', '', '2019-02-17', '2019-02-17', '2019-02-27', '在北京市，欢迎。', null, '12321234', '12312421', '1万', '151548551', '北京市');
INSERT INTO `goods` VALUES ('177', '15', '6', '天涯明夜', '100元', '', '2019-02-17', '2019-02-17', '2019-02-27', '窗透初晓，日照西桥，云自摇，想你当年荷风微摆的衣角。', null, '123456789', '123456789', '1万', '13639485561', '四平市');
INSERT INTO `goods` VALUES ('178', '15', '6', '千百度', '12元', '', '2019-02-17', '2019-02-17', '2019-02-27', '在北京市，欢迎。', null, '12321234', '12312421', '1万', '151548551', '北京市');
INSERT INTO `goods` VALUES ('179', '15', '6', '千百度', '12元', '', '2019-02-17', '2019-02-17', '2019-02-27', '在北京市，欢迎。', null, '12321234', '12312421', '1万', '151548551', '北京市');
INSERT INTO `goods` VALUES ('180', '15', '6', '天涯明夜', '100元', '', '2019-02-17', '2019-02-17', '2019-02-27', '信手，写下几行诗句，最押韵的，竟然是我的叹息。', null, '123456789', '123456789', '1万', '13639485561', '四平市');
INSERT INTO `goods` VALUES ('181', '15', '6', '千百度', '12元', '', '2019-02-17', '2019-02-17', '2019-02-27', '在北京市，欢迎。', null, '12321234', '12312421', '1万', '151548551', '北京市');
INSERT INTO `goods` VALUES ('182', '15', '6', '天涯明夜', '100元', '', '2019-02-17', '2019-02-17', '2019-02-27', '信手，写下几行诗句，最押韵的，竟然是我的叹息。', null, '123456789', '123456789', '1万', '13639485561', '四平市');
INSERT INTO `goods` VALUES ('183', '15', '6', '千百度', '12元', '', '2019-02-17', '2019-02-17', '2019-02-27', '在北京市，欢迎。', null, '12321234', '12312421', '1万', '151548551', '北京市');
INSERT INTO `goods` VALUES ('184', '15', '6', '天涯明夜', '100元', '', '2019-02-17', '2019-02-17', '2019-02-27', '窗透初晓，日照西桥，云自摇，想你当年荷风微摆的衣角。', null, '123456789', '123456789', '1万', '13639485561', '四平市');
INSERT INTO `goods` VALUES ('185', '15', '6', '千百度', '12元', '', '2019-02-17', '2019-02-17', '2019-02-27', '在北京市，欢迎。', null, '12321234', '12312421', '1万', '151548551', '北京市');

-- ----------------------------
-- Table structure for `image`
-- ----------------------------
DROP TABLE IF EXISTS `image`;
CREATE TABLE `image` (
  `id` int(11) NOT NULL AUTO_INCREMENT COMMENT '图片主键',
  `goods_id` int(11) NOT NULL COMMENT '商品外键',
  `img_url` text NOT NULL COMMENT '图片链接',
  PRIMARY KEY (`id`),
  KEY `goods_id` (`goods_id`)
) ENGINE=InnoDB AUTO_INCREMENT=189 DEFAULT CHARSET=utf8;

-- ----------------------------
-- Records of image
-- ----------------------------
INSERT INTO `image` VALUES ('59', '59', '043d9186-78ef-4bbf-b275-6f504e181e79.gif');
INSERT INTO `image` VALUES ('60', '60', '8193662e-5e13-480b-bb21-6f4ce91a48a7.gif');
INSERT INTO `image` VALUES ('61', '61', '8193662e-5e13-480b-bb21-6f4ce91a4801.gif');
INSERT INTO `image` VALUES ('62', '62', '8193662e-5e13-480b-bb21-6f4ce91a4802.gif');
INSERT INTO `image` VALUES ('63', '63', '8193662e-5e13-480b-bb21-6f4ce91a4803.gif');
INSERT INTO `image` VALUES ('64', '64', '8193662e-5e13-480b-bb21-6f4ce91a4804.gif');
INSERT INTO `image` VALUES ('65', '65', '8193662e-5e13-480b-bb21-6f4ce91a4805.gif');
INSERT INTO `image` VALUES ('66', '66', '8193662e-5e13-480b-bb21-6f4ce91a4806.gif');
INSERT INTO `image` VALUES ('67', '67', '8193662e-5e13-480b-bb21-6f4ce91a4807.gif');
INSERT INTO `image` VALUES ('68', '68', '8193662e-5e13-480b-bb21-6f4ce91a4808.gif');
INSERT INTO `image` VALUES ('69', '69', '8193662e-5e13-480b-bb21-6f4ce91a4809.gif');
INSERT INTO `image` VALUES ('70', '70', '8193662e-5e13-480b-bb21-6f4ce91a4810.gif');
INSERT INTO `image` VALUES ('71', '71', '8193662e-5e13-480b-bb21-6f4ce91a4811.gif');
INSERT INTO `image` VALUES ('72', '72', '8193662e-5e13-480b-bb21-6f4ce91a4812.gif');
INSERT INTO `image` VALUES ('73', '73', '8193662e-5e13-480b-bb21-6f4ce91a4813.gif');
INSERT INTO `image` VALUES ('74', '74', '8193662e-5e13-480b-bb21-6f4ce91a4814.gif');
INSERT INTO `image` VALUES ('75', '75', '8193662e-5e13-480b-bb21-6f4ce91a4815.gif');
INSERT INTO `image` VALUES ('76', '76', '8193662e-5e13-480b-bb21-6f4ce91a4816.gif');
INSERT INTO `image` VALUES ('77', '77', '8193662e-5e13-480b-bb21-6f4ce91a4817.gif');
INSERT INTO `image` VALUES ('78', '78', '8193662e-5e13-480b-bb21-6f4ce91a4818.gif');
INSERT INTO `image` VALUES ('79', '79', '8193662e-5e13-480b-bb21-6f4ce91a4819.gif');
INSERT INTO `image` VALUES ('80', '80', '8193662e-5e13-480b-bb21-6f4ce91a4820.gif');
INSERT INTO `image` VALUES ('81', '81', '8193662e-5e13-480b-bb21-6f4ce91a4821.gif');
INSERT INTO `image` VALUES ('82', '82', '8193662e-5e13-480b-bb21-6f4ce91a4822.gif');
INSERT INTO `image` VALUES ('83', '83', '8193662e-5e13-480b-bb21-6f4ce91a4823.gif');
INSERT INTO `image` VALUES ('84', '84', '8193662e-5e13-480b-bb21-6f4ce91a4824.gif');
INSERT INTO `image` VALUES ('85', '85', '8193662e-5e13-480b-bb21-6f4ce91a4825.gif');
INSERT INTO `image` VALUES ('86', '86', '8193662e-5e13-480b-bb21-6f4ce91a4826.gif');
INSERT INTO `image` VALUES ('87', '87', '8193662e-5e13-480b-bb21-6f4ce91a4827.gif');
INSERT INTO `image` VALUES ('88', '88', '8193662e-5e13-480b-bb21-6f4ce91a4828.gif');
INSERT INTO `image` VALUES ('89', '89', '8193662e-5e13-480b-bb21-6f4ce91a4829.gif');
INSERT INTO `image` VALUES ('90', '90', '8193662e-5e13-480b-bb21-6f4ce91a4830.gif');
INSERT INTO `image` VALUES ('91', '91', '8193662e-5e13-480b-bb21-6f4ce91a4831.gif');
INSERT INTO `image` VALUES ('92', '92', '8193662e-5e13-480b-bb21-6f4ce91a4832.gif');
INSERT INTO `image` VALUES ('93', '93', '8193662e-5e13-480b-bb21-6f4ce91a4833.gif');
INSERT INTO `image` VALUES ('94', '94', '8193662e-5e13-480b-bb21-6f4ce91a4834.gif');
INSERT INTO `image` VALUES ('95', '95', '8193662e-5e13-480b-bb21-6f4ce91a4835.gif');
INSERT INTO `image` VALUES ('96', '96', '8193662e-5e13-480b-bb21-6f4ce91a4836.gif');
INSERT INTO `image` VALUES ('97', '97', '8193662e-5e13-480b-bb21-6f4ce91a4801.gif');
INSERT INTO `image` VALUES ('98', '98', '8193662e-5e13-480b-bb21-6f4ce91a4802.gif');
INSERT INTO `image` VALUES ('99', '99', '8193662e-5e13-480b-bb21-6f4ce91a4803.gif');
INSERT INTO `image` VALUES ('100', '100', '8193662e-5e13-480b-bb21-6f4ce91a4804.gif');
INSERT INTO `image` VALUES ('101', '101', '8193662e-5e13-480b-bb21-6f4ce91a4805.gif');
INSERT INTO `image` VALUES ('102', '102', '8193662e-5e13-480b-bb21-6f4ce91a4806.gif');
INSERT INTO `image` VALUES ('103', '103', '043d9186-78ef-4bbf-b275-6f504e181e79.gif');
INSERT INTO `image` VALUES ('104', '104', '8193662e-5e13-480b-bb21-6f4ce91a48a7.gif');
INSERT INTO `image` VALUES ('105', '105', '8193662e-5e13-480b-bb21-6f4ce91a4801.gif');
INSERT INTO `image` VALUES ('106', '106', '8193662e-5e13-480b-bb21-6f4ce91a4802.gif');
INSERT INTO `image` VALUES ('107', '107', '8193662e-5e13-480b-bb21-6f4ce91a4803.gif');
INSERT INTO `image` VALUES ('108', '108', '8193662e-5e13-480b-bb21-6f4ce91a4804.gif');
INSERT INTO `image` VALUES ('109', '109', '8193662e-5e13-480b-bb21-6f4ce91a4805.gif');
INSERT INTO `image` VALUES ('110', '110', '8193662e-5e13-480b-bb21-6f4ce91a4806.gif');
INSERT INTO `image` VALUES ('111', '111', '8193662e-5e13-480b-bb21-6f4ce91a4807.gif');
INSERT INTO `image` VALUES ('112', '112', '8193662e-5e13-480b-bb21-6f4ce91a4808.gif');
INSERT INTO `image` VALUES ('113', '113', '8193662e-5e13-480b-bb21-6f4ce91a4809.gif');
INSERT INTO `image` VALUES ('114', '114', '8193662e-5e13-480b-bb21-6f4ce91a4810.gif');
INSERT INTO `image` VALUES ('115', '115', '8193662e-5e13-480b-bb21-6f4ce91a4811.gif');
INSERT INTO `image` VALUES ('116', '116', '8193662e-5e13-480b-bb21-6f4ce91a4812.gif');
INSERT INTO `image` VALUES ('117', '117', '8193662e-5e13-480b-bb21-6f4ce91a4813.gif');
INSERT INTO `image` VALUES ('118', '118', '8193662e-5e13-480b-bb21-6f4ce91a4814.gif');
INSERT INTO `image` VALUES ('119', '119', '8193662e-5e13-480b-bb21-6f4ce91a4815.gif');
INSERT INTO `image` VALUES ('120', '120', '8193662e-5e13-480b-bb21-6f4ce91a4816.gif');
INSERT INTO `image` VALUES ('121', '121', '8193662e-5e13-480b-bb21-6f4ce91a4817.gif');
INSERT INTO `image` VALUES ('122', '122', '8193662e-5e13-480b-bb21-6f4ce91a4818.gif');
INSERT INTO `image` VALUES ('123', '123', '8193662e-5e13-480b-bb21-6f4ce91a4819.gif');
INSERT INTO `image` VALUES ('124', '124', '8193662e-5e13-480b-bb21-6f4ce91a4820.gif');
INSERT INTO `image` VALUES ('125', '125', '8193662e-5e13-480b-bb21-6f4ce91a4821.gif');
INSERT INTO `image` VALUES ('126', '126', '8193662e-5e13-480b-bb21-6f4ce91a4822.gif');
INSERT INTO `image` VALUES ('127', '127', '8193662e-5e13-480b-bb21-6f4ce91a4823.gif');
INSERT INTO `image` VALUES ('128', '128', '8193662e-5e13-480b-bb21-6f4ce91a4824.gif');
INSERT INTO `image` VALUES ('129', '129', '8193662e-5e13-480b-bb21-6f4ce91a4825.gif');
INSERT INTO `image` VALUES ('130', '130', '8193662e-5e13-480b-bb21-6f4ce91a4826.gif');
INSERT INTO `image` VALUES ('131', '131', '8193662e-5e13-480b-bb21-6f4ce91a4827.gif');
INSERT INTO `image` VALUES ('132', '132', '8193662e-5e13-480b-bb21-6f4ce91a4828.gif');
INSERT INTO `image` VALUES ('133', '133', '8193662e-5e13-480b-bb21-6f4ce91a4829.gif');
INSERT INTO `image` VALUES ('134', '134', '8193662e-5e13-480b-bb21-6f4ce91a4830.gif');
INSERT INTO `image` VALUES ('135', '135', '8193662e-5e13-480b-bb21-6f4ce91a4831.gif');
INSERT INTO `image` VALUES ('136', '136', '8193662e-5e13-480b-bb21-6f4ce91a4832.gif');
INSERT INTO `image` VALUES ('137', '137', '8193662e-5e13-480b-bb21-6f4ce91a4833.gif');
INSERT INTO `image` VALUES ('138', '138', '8193662e-5e13-480b-bb21-6f4ce91a4834.gif');
INSERT INTO `image` VALUES ('139', '139', '8193662e-5e13-480b-bb21-6f4ce91a4835.gif');
INSERT INTO `image` VALUES ('140', '140', '8193662e-5e13-480b-bb21-6f4ce91a4836.gif');
INSERT INTO `image` VALUES ('141', '141', '8193662e-5e13-480b-bb21-6f4ce91a4801.gif');
INSERT INTO `image` VALUES ('142', '142', '8193662e-5e13-480b-bb21-6f4ce91a4802.gif');
INSERT INTO `image` VALUES ('143', '143', '8193662e-5e13-480b-bb21-6f4ce91a4803.gif');
INSERT INTO `image` VALUES ('144', '144', '8193662e-5e13-480b-bb21-6f4ce91a4804.gif');
INSERT INTO `image` VALUES ('145', '145', '8193662e-5e13-480b-bb21-6f4ce91a4805.gif');
INSERT INTO `image` VALUES ('146', '146', '8193662e-5e13-480b-bb21-6f4ce91a4806.gif');
INSERT INTO `image` VALUES ('147', '147', '8193662e-5e13-480b-bb21-6f4ce91a4836.gif');
INSERT INTO `image` VALUES ('148', '148', '8193662e-5e13-480b-bb21-6f4ce91a4801.gif');
INSERT INTO `image` VALUES ('149', '149', '8193662e-5e13-480b-bb21-6f4ce91a4802.gif');
INSERT INTO `image` VALUES ('150', '150', '8193662e-5e13-480b-bb21-6f4ce91a4803.gif');
INSERT INTO `image` VALUES ('151', '151', '8193662e-5e13-480b-bb21-6f4ce91a4804.gif');
INSERT INTO `image` VALUES ('152', '152', '8193662e-5e13-480b-bb21-6f4ce91a4805.gif');
INSERT INTO `image` VALUES ('153', '153', '8193662e-5e13-480b-bb21-6f4ce91a4806.gif');
INSERT INTO `image` VALUES ('154', '154', '8193662e-5e13-480b-bb21-6f4ce91a4836.gif');
INSERT INTO `image` VALUES ('155', '155', '8193662e-5e13-480b-bb21-6f4ce91a4801.gif');
INSERT INTO `image` VALUES ('156', '156', '8193662e-5e13-480b-bb21-6f4ce91a4802.gif');
INSERT INTO `image` VALUES ('157', '157', '8193662e-5e13-480b-bb21-6f4ce91a4803.gif');
INSERT INTO `image` VALUES ('158', '158', '8193662e-5e13-480b-bb21-6f4ce91a4804.gif');
INSERT INTO `image` VALUES ('159', '159', '8193662e-5e13-480b-bb21-6f4ce91a4805.gif');
INSERT INTO `image` VALUES ('160', '160', '8193662e-5e13-480b-bb21-6f4ce91a4806.gif');
INSERT INTO `image` VALUES ('161', '161', '8193662e-5e13-480b-bb21-6f4ce91a4801.gif');
INSERT INTO `image` VALUES ('162', '162', '8193662e-5e13-480b-bb21-6f4ce91a4802.gif');
INSERT INTO `image` VALUES ('163', '163', '8193662e-5e13-480b-bb21-6f4ce91a4803.gif');
INSERT INTO `image` VALUES ('164', '164', '8193662e-5e13-480b-bb21-6f4ce91a4804.gif');
INSERT INTO `image` VALUES ('165', '165', '8193662e-5e13-480b-bb21-6f4ce91a4805.gif');
INSERT INTO `image` VALUES ('166', '166', '8193662e-5e13-480b-bb21-6f4ce91a4806.gif');
INSERT INTO `image` VALUES ('167', '167', '8193662e-5e13-480b-bb21-6f4ce91a4807.gif');
INSERT INTO `image` VALUES ('168', '168', '8193662e-5e13-480b-bb21-6f4ce91a4808.gif');
INSERT INTO `image` VALUES ('169', '169', '8193662e-5e13-480b-bb21-6f4ce91a4809.gif');
INSERT INTO `image` VALUES ('170', '170', '8193662e-5e13-480b-bb21-6f4ce91a4810.gif');
INSERT INTO `image` VALUES ('171', '171', '8193662e-5e13-480b-bb21-6f4ce91a4811.gif');
INSERT INTO `image` VALUES ('172', '172', '8193662e-5e13-480b-bb21-6f4ce91a4801.gif');
INSERT INTO `image` VALUES ('173', '173', '8193662e-5e13-480b-bb21-6f4ce91a4802.gif');
INSERT INTO `image` VALUES ('174', '174', '8193662e-5e13-480b-bb21-6f4ce91a4803.gif');
INSERT INTO `image` VALUES ('175', '175', '8193662e-5e13-480b-bb21-6f4ce91a4804.gif');
INSERT INTO `image` VALUES ('176', '176', '8193662e-5e13-480b-bb21-6f4ce91a4805.gif');
INSERT INTO `image` VALUES ('177', '177', '8193662e-5e13-480b-bb21-6f4ce91a4806.gif');
INSERT INTO `image` VALUES ('178', '178', '8193662e-5e13-480b-bb21-6f4ce91a4801.gif');
INSERT INTO `image` VALUES ('179', '179', '8193662e-5e13-480b-bb21-6f4ce91a4802.gif');
INSERT INTO `image` VALUES ('180', '180', '8193662e-5e13-480b-bb21-6f4ce91a4803.gif');
INSERT INTO `image` VALUES ('181', '181', '8193662e-5e13-480b-bb21-6f4ce91a4804.gif');
INSERT INTO `image` VALUES ('182', '182', '8193662e-5e13-480b-bb21-6f4ce91a4805.gif');
INSERT INTO `image` VALUES ('183', '183', '8193662e-5e13-480b-bb21-6f4ce91a4806.gif');
INSERT INTO `image` VALUES ('184', '184', '8193662e-5e13-480b-bb21-6f4ce91a4807.gif');
INSERT INTO `image` VALUES ('185', '185', '8193662e-5e13-480b-bb21-6f4ce91a4808.gif');
INSERT INTO `image` VALUES ('186', '186', '8193662e-5e13-480b-bb21-6f4ce91a4809.gif');
INSERT INTO `image` VALUES ('187', '187', '8193662e-5e13-480b-bb21-6f4ce91a4810.gif');
INSERT INTO `image` VALUES ('188', '188', '8193662e-5e13-480b-bb21-6f4ce91a4811.gif');

-- ----------------------------
-- Table structure for `notice`
-- ----------------------------
DROP TABLE IF EXISTS `notice`;
CREATE TABLE `notice` (
  `id` int(11) NOT NULL AUTO_INCREMENT COMMENT '系统信息主键',
  `user_id` int(11) DEFAULT NULL COMMENT '用户，外键',
  `context` text COMMENT '信息内容',
  `create_at` varchar(25) DEFAULT NULL COMMENT '推送信息时间',
  `status` tinyint(4) DEFAULT NULL COMMENT '状态，0未读，1已读',
  PRIMARY KEY (`id`)
) ENGINE=InnoDB DEFAULT CHARSET=utf8;

-- ----------------------------
-- Records of notice
-- ----------------------------

-- ----------------------------
-- Table structure for `reply`
-- ----------------------------
DROP TABLE IF EXISTS `reply`;
CREATE TABLE `reply` (
  `id` int(11) NOT NULL AUTO_INCREMENT COMMENT '评论回复主键',
  `user_id` int(11) DEFAULT NULL COMMENT '用户，外键',
  `atuser_id` int(11) DEFAULT NULL,
  `commet_id` int(11) DEFAULT NULL COMMENT '评论，外键',
  `content` text COMMENT '回复内容',
  `create_at` varchar(25) DEFAULT NULL COMMENT '回复时间',
  PRIMARY KEY (`id`)
) ENGINE=InnoDB DEFAULT CHARSET=utf8;

-- ----------------------------
-- Records of reply
-- ----------------------------

-- ----------------------------
-- Table structure for `user`
-- ----------------------------
DROP TABLE IF EXISTS `user`;
CREATE TABLE `user` (
  `id` int(11) NOT NULL AUTO_INCREMENT,
  `phone` char(11) CHARACTER SET utf8 DEFAULT NULL COMMENT '登录使用的手机号',
  `username` varchar(30) CHARACTER SET utf8 DEFAULT NULL COMMENT '用户名',
  `password` char(32) CHARACTER SET utf8 DEFAULT NULL COMMENT '密码',
  `create_at` varchar(20) CHARACTER SET utf8 DEFAULT NULL COMMENT '创建时间',
  `goods_num` int(11) DEFAULT '0' COMMENT '发布过的物品数量',
  `power` tinyint(10) DEFAULT '10' COMMENT '权限值，普通用户默认为10',
  `last_login` varchar(20) CHARACTER SET utf8 DEFAULT NULL COMMENT '最近一次登陆时间',
  `status` tinyint(4) DEFAULT '0' COMMENT '账号是否冻结，默认0未冻结',
  PRIMARY KEY (`id`)
) ENGINE=InnoDB AUTO_INCREMENT=7 DEFAULT CHARSET=latin1;

-- ----------------------------
-- Records of user
-- ----------------------------
INSERT INTO `user` VALUES ('2', '17611232178', '李大泡', '93A786C3CC016637B197CB9D495427BD', '2019-01-01', '17', '10', null, null);
INSERT INTO `user` VALUES ('3', '14569635522', '张撒欢', 'E10ADC3949BA59ABBE56E057F20F883E', '2017-02-16', '8', '10', null, null);
INSERT INTO `user` VALUES ('4', '19898552236', '艾沙耶', 'F9680877DCD79E03E3CE67151AEBD584', '2012-25-12 12:29', '2', '10', null, null);
INSERT INTO `user` VALUES ('5', '15063635923', '阿瑟东', 'F9680877DCD79E03E3CE67151AEBD', '2013-03-23', '0', '90', null, '0');
INSERT INTO `user` VALUES ('6', '18629880525', '刘聪', 'E10ADC3949BA59ABBE56E057F20F883E', '2019-02-13 21:10', '9', null, null, null);
